Timestamp,User Count,Type,Name,Requests/s,Failures/s,50%,66%,75%,80%,90%,95%,98%,99%,99.9%,99.99%,100%,Total Request Count,Total Failure Count,Total Median Response Time,Total Average Response Time,Total Min Response Time,Total Max Response Time,Total Average Content Size
1784894516,0,,Aggregated,0.000000,0.000000,N/A,N/A,N/A,N/A,N/A,N/A,N/A,N/A,N/A,N/A,N/A,0,0,0,0.0,0,0,0
1784894517,0,,Aggregated,0.000000,0.000000,N/A,N/A,N/A,N/A,N/A,N/A,N/A,N/A,N/A,N/A,N/A,0,0,0,0.0,0,0,0
1784894518,4,,Aggregated,0.000000,0.000000,N/A,N/A,N/A,N/A,N/A,N/A,N/A,N/A,N/A,N/A,N/A,0,0,0,0.0,0,0,0
1784894519,8,GET,GET /api/v1/reports/bounds,0.000000,0.000000,0,0,0,0,0,0,0,0,0,0,0,1,0,1697.5436999928206,1697.5436999928206,1697.5436999928206,1697.5436999928206,62260.0
1784894519,8,,Aggregated,0.000000,0.000000,1700,1700,1700,1700,1700,1700,1700,1700,1700,1700,1700,1,0,1697.5436999928206,1697.5436999928206,1697.5436999928206,1697.5436999928206,62260.0
1784894520,12,GET,GET /api/v1/reports/bounds,0.000000,0.000000,0,0,0,0,0,0,0,0,0,0,0,2,0,870.5864000367001,1284.0650500147603,870.5864000367001,1697.5436999928206,62300.0
1784894520,12,,Aggregated,0.000000,0.000000,1700,1700,1700,1700,1700,1700,1700,1700,1700,1700,1700,2,0,870.5864000367001,1284.0650500147603,870.5864000367001,1697.5436999928206,62300.0
1784894521,16,GET,GET /api/v1/reports/bounds,0.000000,0.000000,870,870,870,870,870,870,870,870,870,870,870,2,0,870.5864000367001,1284.0650500147603,870.5864000367001,1697.5436999928206,62300.0
1784894521,16,,Aggregated,0.000000,0.000000,1700,1700,1700,1700,1700,1700,1700,1700,1700,1700,1700,2,0,870.5864000367001,1284.0650500147603,870.5864000367001,1697.5436999928206,62300.0
1784894522,20,GET,GET /api/v1/reports/bounds,1.333333,0.000000,2200,2200,2200,3500,3500,3500,3500,3500,3500,3500,3500,6,0,1700,1960.2935000051123,870.5864000367001,3527.051900047809,62567.5
1784894522,20,,Aggregated,1.333333,0.000000,2200,2200,2200,2200,3500,3500,3500,3500,3500,3500,3500,6,0,1700,1960.2935000051123,870.5864000367001,3527.051900047809,62567.5
1784894523,20,GET,GET /api/v1/reports/bounds,1.333333,0.000000,2200,2200,2200,3500,3500,3500,3500,3500,3500,3500,3500,6,0,1700,1960.2935000051123,870.5864000367001,3527.051900047809,62567.5
1784894523,20,,Aggregated,1.333333,0.000000,2200,2200,2200,2200,3500,3500,3500,3500,3500,3500,3500,6,0,1700,1960.2935000051123,870.5864000367001,3527.051900047809,62567.5
1784894524,20,GET,GET /api/v1/reports/bounds,1.333333,0.000000,2200,2200,2200,3500,3500,3500,3500,3500,3500,3500,3500,6,0,1700,1960.2935000051123,870.5864000367001,3527.051900047809,62567.5
1784894524,20,,Aggregated,1.333333,0.000000,2200,2200,2200,2200,3500,3500,3500,3500,3500,3500,3500,6,0,1700,1960.2935000051123,870.5864000367001,3527.051900047809,62567.5
1784894525,20,GET,GET /api/v1/reports/bounds,1.000000,0.000000,4400,5300,5300,5300,6200,6700,6700,6700,6700,6700,6700,12,0,3500,3738.896200006517,870.5864000367001,6665.288100019097,62637.666666666664
1784894525,20,,Aggregated,1.000000,0.000000,4400,5300,5300,5300,6200,6700,6700,6700,6700,6700,6700,12,0,3500,3738.896200006517,870.5864000367001,6665.288100019097,62637.666666666664
1784894526,20,GET,GET /api/v1/reports/bounds,1.000000,0.000000,4400,5300,5300,5300,6200,6700,6700,6700,6700,6700,6700,12,0,3500,3738.896200006517,870.5864000367001,6665.288100019097,62637.666666666664
1784894526,20,,Aggregated,1.000000,0.000000,4400,5300,5300,5300,6200,6700,6700,6700,6700,6700,6700,12,0,3500,3738.896200006517,870.5864000367001,6665.288100019097,62637.666666666664
1784894527,20,GET,GET /api/v1/reports/bounds,1.000000,0.000000,4400,5300,5300,5300,6200,6700,6700,6700,6700,6700,6700,12,0,3500,3738.896200006517,870.5864000367001,6665.288100019097,62637.666666666664
1784894527,20,,Aggregated,1.000000,0.000000,4400,5300,5300,5300,6200,6700,6700,6700,6700,6700,6700,12,0,3500,3738.896200006517,870.5864000367001,6665.288100019097,62637.666666666664
1784894528,20,GET,GET /api/v1/reports/bounds,1.333333,0.000000,5300,6200,6600,6700,7200,8700,8700,8700,8700,8700,8700,15,0,5300,4495.214086677879,870.5864000367001,8715.763400075957,62600.73333333333
1784894528,20,,Aggregated,1.333333,0.000000,5300,5300,6600,6700,7200,8700,8700,8700,8700,8700,8700,15,0,5300,4495.214086677879,870.5864000367001,8715.763400075957,62600.73333333333
1784894529,20,GET,GET /api/v1/reports/bounds,1.333333,0.000000,5300,6200,6600,6700,7200,8700,8700,8700,8700,8700,8700,15,0,5300,4495.214086677879,870.5864000367001,8715.763400075957,62600.73333333333
1784894529,20,,Aggregated,1.333333,0.000000,5300,6200,6600,6700,7200,8700,8700,8700,8700,8700,8700,15,0,5300,4495.214086677879,870.5864000367001,8715.763400075957,62600.73333333333
1784894530,20,GET,GET /api/v1/reports/bounds,1.333333,0.000000,5300,6200,6600,6700,7200,8700,8700,8700,8700,8700,8700,15,0,5300,4495.214086677879,870.5864000367001,8715.763400075957,62600.73333333333
1784894530,20,,Aggregated,1.333333,0.000000,5300,6200,6600,6700,7200,8700,8700,8700,8700,8700,8700,15,0,5300,4495.214086677879,870.5864000367001,8715.763400075957,62600.73333333333
1784894531,20,GET,GET /api/v1/reports/bounds,1.400000,0.000000,6600,6700,6700,7200,9400,11000,11000,11000,11000,11000,11000,20,0,5300,5389.94346500258,870.5864000367001,11032.7769999858,62616.8
1784894531,20,,Aggregated,1.400000,0.000000,6600,6700,6700,7200,9400,11000,11000,11000,11000,11000,11000,20,0,5300,5389.94346500258,870.5864000367001,11032.7769999858,62616.8
1784894532,20,GET,GET /api/v1/reports/bounds,1.400000,0.000000,6600,6700,6700,7200,9400,11000,11000,11000,11000,11000,11000,20,0,5300,5389.94346500258,870.5864000367001,11032.7769999858,62616.8
1784894532,20,,Aggregated,1.400000,0.000000,6600,6700,6700,7200,9400,11000,11000,11000,11000,11000,11000,20,0,5300,5389.94346500258,870.5864000367001,11032.7769999858,62616.8
1784894533,20,GET,GET /api/v1/reports/bounds,1.400000,0.000000,6600,6700,6700,7200,9400,11000,11000,11000,11000,11000,11000,20,0,5300,5389.94346500258,870.5864000367001,11032.7769999858,62616.8
1784894533,20,,Aggregated,1.400000,0.000000,6600,6700,6700,7200,9400,11000,11000,11000,11000,11000,11000,20,0,5300,5389.94346500258,870.5864000367001,11032.7769999858,62616.8
1784894534,20,GET,GET /api/v1/reports/bounds,1.500000,0.000000,7200,8000,8700,9400,12000,13000,13000,13000,13000,13000,13000,26,0,6600,6301.968099997164,870.5864000367001,12855.323900002986,62637.57692307692
1784894534,20,,Aggregated,1.500000,0.000000,7200,8000,8700,9400,12000,13000,13000,13000,13000,13000,13000,26,0,6600,6301.968099997164,870.5864000367001,12855.323900002986,62637.57692307692
1784894535,20,GET,GET /api/v1/reports/bounds,1.500000,0.000000,7400,8000,8700,9400,12000,13000,13000,13000,13000,13000,13000,26,0,6600,6301.968099997164,870.5864000367001,12855.323900002986,62637.57692307692
1784894535,20,,Aggregated,1.500000,0.000000,7400,8000,8700,9400,12000,13000,13000,13000,13000,13000,13000,26,0,6600,6301.968099997164,870.5864000367001,12855.323900002986,62637.57692307692
1784894536,20,GET,GET /api/v1/reports/bounds,1.500000,0.000000,7400,8000,8700,9400,12000,13000,13000,13000,13000,13000,13000,26,0,6600,6301.968099997164,870.5864000367001,12855.323900002986,62637.57692307692
1784894536,20,,Aggregated,1.500000,0.000000,7400,8000,8700,9400,12000,13000,13000,13000,13000,13000,13000,26,0,6600,6301.968099997164,870.5864000367001,12855.323900002986,62637.57692307692
1784894537,20,GET,GET /api/v1/reports/bounds,1.700000,0.000000,8000,8700,11000,12000,14000,17000,17000,17000,17000,17000,17000,31,0,6700,7081.918080637773,870.5864000367001,16611.971299978904,62622.32258064516
1784894537,20,,Aggregated,1.700000,0.000000,8000,8700,11000,12000,14000,17000,17000,17000,17000,17000,17000,31,0,6700,7081.918080637773,870.5864000367001,16611.971299978904,62622.32258064516
1784894538,20,GET,GET /api/v1/reports/bounds,1.700000,0.000000,8000,9400,12000,12000,14000,17000,17000,17000,17000,17000,17000,31,0,6700,7081.918080637773,870.5864000367001,16611.971299978904,62622.32258064516
1784894538,20,,Aggregated,1.700000,0.000000,8000,9400,12000,12000,14000,17000,17000,17000,17000,17000,17000,31,0,6700,7081.918080637773,870.5864000367001,16611.971299978904,62622.32258064516
1784894539,20,GET,GET /api/v1/reports/bounds,1.700000,0.000000,8000,9400,12000,12000,14000,17000,17000,17000,17000,17000,17000,31,0,6700,7081.918080637773,870.5864000367001,16611.971299978904,62622.32258064516
1784894539,20,,Aggregated,1.700000,0.000000,8000,9400,12000,12000,14000,17000,17000,17000,17000,17000,17000,31,0,6700,7081.918080637773,870.5864000367001,16611.971299978904,62622.32258064516
1784894540,20,GET,GET /api/v1/reports/bounds,1.700000,0.000000,9200,11000,13000,13000,17000,17000,17000,17000,17000,17000,17000,34,0,7200,7492.147844113574,870.5864000367001,16777.767800027505,62599.470588235294
1784894540,20,,Aggregated,1.700000,0.000000,9200,11000,13000,13000,17000,17000,17000,17000,17000,17000,17000,34,0,7200,7492.147844113574,870.5864000367001,16777.767800027505,62599.470588235294
1784894541,20,GET,GET /api/v1/reports/bounds,1.700000,0.000000,9200,11000,13000,13000,17000,17000,17000,17000,17000,17000,17000,34,0,7200,7492.147844113574,870.5864000367001,16777.767800027505,62599.470588235294
1784894541,20,,Aggregated,1.700000,0.000000,9200,11000,13000,13000,17000,17000,17000,17000,17000,17000,17000,34,0,7200,7492.147844113574,870.5864000367001,16777.767800027505,62599.470588235294
1784894542,20,GET,GET /api/v1/reports/bounds,1.700000,0.000000,8700,9200,13000,14000,17000,17000,17000,17000,17000,17000,17000,34,0,7200,7492.147844113574,870.5864000367001,16777.767800027505,62599.470588235294
1784894542,20,,Aggregated,1.700000,0.000000,8700,9200,13000,14000,17000,17000,17000,17000,17000,17000,17000,34,0,7200,7492.147844113574,870.5864000367001,16777.767800027505,62599.470588235294
1784894543,20,GET,GET /api/v1/reports/bounds,1.400000,0.000000,10000,11000,14000,17000,20000,21000,21000,21000,21000,21000,21000,41,0,8000,8491.057514627577,870.5864000367001,21215.799799887463,62593.14634146341
1784894543,20,,Aggregated,1.400000,0.000000,10000,11000,14000,17000,20000,21000,21000,21000,21000,21000,21000,41,0,8000,8491.057514627577,870.5864000367001,21215.799799887463,62593.14634146341
1784894544,20,GET,GET /api/v1/reports/bounds,1.400000,0.000000,10000,11000,14000,17000,20000,21000,21000,21000,21000,21000,21000,41,0,8000,8491.057514627577,870.5864000367001,21215.799799887463,62593.14634146341
1784894544,20,,Aggregated,1.400000,0.000000,10000,11000,14000,17000,20000,21000,21000,21000,21000,21000,21000,41,0,8000,8491.057514627577,870.5864000367001,21215.799799887463,62593.14634146341
1784894545,20,GET,GET /api/v1/reports/bounds,1.400000,0.000000,11000,14000,17000,17000,20000,21000,21000,21000,21000,21000,21000,41,0,8000,8491.057514627577,870.5864000367001,21215.799799887463,62593.14634146341
1784894545,20,,Aggregated,1.400000,0.000000,11000,14000,17000,17000,20000,21000,21000,21000,21000,21000,21000,41,0,8000,8491.057514627577,870.5864000367001,21215.799799887463,62593.14634146341
1784894546,20,GET,GET /api/v1/reports/bounds,1.600000,0.000000,10000,11000,14000,17000,20000,21000,22000,22000,22000,22000,22000,49,0,8700,8966.703336735789,870.5864000367001,21925.770899979398,62556.38775510204
1784894546,20,,Aggregated,1.600000,0.000000,10000,11000,14000,17000,20000,21000,22000,22000,22000,22000,22000,49,0,8700,8966.703336735789,870.5864000367001,21925.770899979398,62556.38775510204
1784894547,20,GET,GET /api/v1/reports/bounds,1.600000,0.000000,10000,11000,11000,17000,21000,22000,22000,22000,22000,22000,22000,49,0,8700,8966.703336735789,870.5864000367001,21925.770899979398,62556.38775510204
1784894547,20,,Aggregated,1.600000,0.000000,10000,11000,11000,17000,21000,22000,22000,22000,22000,22000,22000,49,0,8700,8966.703336735789,870.5864000367001,21925.770899979398,62556.38775510204
1784894548,20,GET,GET /api/v1/reports/bounds,1.600000,0.000000,10000,11000,17000,17000,21000,22000,22000,22000,22000,22000,22000,49,0,8700,8966.703336735789,870.5864000367001,21925.770899979398,62556.38775510204
1784894548,20,,Aggregated,1.600000,0.000000,10000,11000,17000,17000,21000,22000,22000,22000,22000,22000,22000,49,0,8700,8966.703336735789,870.5864000367001,21925.770899979398,62556.38775510204
1784894549,20,GET,GET /api/v1/reports/bounds,2.000000,0.000000,9900,10000,11000,11000,20000,21000,22000,22000,22000,22000,22000,54,0,9200,9010.787285183107,870.5864000367001,21925.770899979398,62557.98148148148
1784894549,20,,Aggregated,2.000000,0.000000,9900,10000,11000,11000,20000,21000,22000,22000,22000,22000,22000,54,0,9200,9010.787285183107,870.5864000367001,21925.770899979398,62557.98148148148
1784894551,20,GET,GET /api/v1/reports/bounds,2.000000,0.000000,9900,9900,10000,11000,21000,22000,22000,22000,22000,22000,22000,54,0,9200,9010.787285183107,870.5864000367001,21925.770899979398,62557.98148148148
1784894551,20,,Aggregated,2.000000,0.000000,9900,9900,10000,11000,21000,22000,22000,22000,22000,22000,22000,54,0,9200,9010.787285183107,870.5864000367001,21925.770899979398,62557.98148148148
1784894552,20,GET,GET /api/v1/reports/bounds,2.000000,0.000000,9900,9900,10000,11000,21000,22000,22000,22000,22000,22000,22000,54,0,9200,9010.787285183107,870.5864000367001,21925.770899979398,62557.98148148148
1784894552,20,,Aggregated,2.000000,0.000000,9900,9900,10000,11000,21000,22000,22000,22000,22000,22000,22000,54,0,9200,9010.787285183107,870.5864000367001,21925.770899979398,62557.98148148148
1784894553,20,GET,GET /api/v1/reports/bounds,2.000000,0.000000,9400,9900,9900,9900,11000,21000,22000,22000,22000,22000,22000,66,0,8500,8910.915954542967,870.5864000367001,21925.770899979398,62522.545454545456
1784894553,20,,Aggregated,2.000000,0.000000,9400,9900,9900,9900,11000,21000,22000,22000,22000,22000,22000,66,0,8500,8910.915954542967,870.5864000367001,21925.770899979398,62522.545454545456
1784894554,20,GET,GET /api/v1/reports/bounds,2.000000,0.000000,9400,9900,9900,9900,11000,21000,22000,22000,22000,22000,22000,66,0,8500,8910.915954542967,870.5864000367001,21925.770899979398,62522.545454545456
1784894554,20,,Aggregated,2.000000,0.000000,9400,9900,9900,9900,11000,21000,22000,22000,22000,22000,22000,66,0,8500,8910.915954542967,870.5864000367001,21925.770899979398,62522.545454545456
1784894555,20,GET,GET /api/v1/reports/bounds,2.000000,0.000000,8500,9400,9600,9600,9900,9900,9900,9900,9900,9900,9900,66,0,8500,8910.915954542967,870.5864000367001,21925.770899979398,62522.545454545456
1784894555,20,,Aggregated,2.000000,0.000000,8500,9400,9600,9600,9900,9900,9900,9900,9900,9900,9900,66,0,8500,8910.915954542967,870.5864000367001,21925.770899979398,62522.545454545456
1784894556,20,GET,GET /api/v1/reports/bounds,2.400000,0.000000,8500,9400,9600,9600,9900,9900,9900,9900,9900,9900,9900,69,0,8500,8888.945731881035,870.5864000367001,21925.770899979398,62514.362318840576
1784894556,20,,Aggregated,2.400000,0.000000,8500,9400,9600,9600,9900,9900,9900,9900,9900,9900,9900,69,0,8500,8888.945731881035,870.5864000367001,21925.770899979398,62514.362318840576
1784894557,20,GET,GET /api/v1/reports/bounds,2.400000,0.000000,8500,8500,8500,8500,9600,9600,9600,9600,9600,9600,9600,69,0,8500,8888.945731881035,870.5864000367001,21925.770899979398,62514.362318840576
1784894557,20,,Aggregated,2.400000,0.000000,8500,8500,8500,8500,9600,9600,9600,9600,9600,9600,9600,69,0,8500,8888.945731881035,870.5864000367001,21925.770899979398,62514.362318840576
1784894558,20,GET,GET /api/v1/reports/bounds,2.400000,0.000000,8500,8500,8500,8500,9600,9600,9600,9600,9600,9600,9600,69,0,8500,8888.945731881035,870.5864000367001,21925.770899979398,62514.362318840576
1784894558,20,,Aggregated,2.400000,0.000000,8500,8500,8500,8500,9600,9600,9600,9600,9600,9600,9600,69,0,8500,8888.945731881035,870.5864000367001,21925.770899979398,62514.362318840576
1784894559,20,GET,GET /api/v1/reports/bounds,2.300000,0.000000,8500,8500,9200,9200,9400,9600,9600,9600,9600,9600,9600,74,0,8500,8886.656617561695,870.5864000367001,21925.770899979398,62506.66216216216
1784894559,20,,Aggregated,2.300000,0.000000,8500,8500,9200,9200,9400,9600,9600,9600,9600,9600,9600,74,0,8500,8886.656617561695,870.5864000367001,21925.770899979398,62506.66216216216
1784894560,20,GET,GET /api/v1/reports/bounds,2.300000,0.000000,8500,8500,9200,9200,9400,9600,9600,9600,9600,9600,9600,74,0,8500,8886.656617561695,870.5864000367001,21925.770899979398,62506.66216216216
1784894560,20,,Aggregated,2.300000,0.000000,8500,8500,9200,9200,9400,9600,9600,9600,9600,9600,9600,74,0,8500,8886.656617561695,870.5864000367001,21925.770899979398,62506.66216216216
1784894561,20,GET,GET /api/v1/reports/bounds,2.300000,0.000000,8500,8500,8500,8500,9200,9200,9200,9200,9200,9200,9200,74,0,8500,8886.656617561695,870.5864000367001,21925.770899979398,62506.66216216216
1784894561,20,,Aggregated,2.300000,0.000000,8500,8500,8500,8500,9200,9200,9200,9200,9200,9200,9200,74,0,8500,8886.656617561695,870.5864000367001,21925.770899979398,62506.66216216216
1784894562,20,GET,GET /api/v1/reports/bounds,2.000000,0.000000,8500,9200,9400,9400,9400,9400,9400,9400,9400,9400,9400,81,0,8700,8933.25060493468,870.5864000367001,21925.770899979398,62505.02469135803
1784894562,20,,Aggregated,2.000000,0.000000,8500,9200,9400,9400,9400,9400,9400,9400,9400,9400,9400,81,0,8700,8933.25060493468,870.5864000367001,21925.770899979398,62505.02469135803
1784894563,20,GET,GET /api/v1/reports/bounds,2.000000,0.000000,9400,9400,9400,9400,9400,9400,9400,9400,9400,9400,9400,81,0,8700,8933.25060493468,870.5864000367001,21925.770899979398,62505.02469135803
1784894563,20,,Aggregated,2.000000,0.000000,9400,9400,9400,9400,9400,9400,9400,9400,9400,9400,9400,81,0,8700,8933.25060493468,870.5864000367001,21925.770899979398,62505.02469135803
1784894564,20,GET,GET /api/v1/reports/bounds,2.000000,0.000000,9400,9400,9400,9400,9400,9400,9400,9400,9400,9400,9400,81,0,8700,8933.25060493468,870.5864000367001,21925.770899979398,62505.02469135803
1784894564,20,,Aggregated,2.000000,0.000000,9400,9400,9400,9400,9400,9400,9400,9400,9400,9400,9400,81,0,8700,8933.25060493468,870.5864000367001,21925.770899979398,62505.02469135803
1784894565,20,GET,GET /api/v1/reports/bounds,2.000000,0.000000,9200,9200,9400,9400,9400,9400,9400,9400,9400,9400,9400,89,0,8900,8948.308906735057,870.5864000367001,21925.770899979398,62504.7191011236
1784894565,20,,Aggregated,2.000000,0.000000,9200,9200,9400,9400,9400,9400,9400,9400,9400,9400,9400,89,0,8900,8948.308906735057,870.5864000367001,21925.770899979398,62504.7191011236
1784894566,20,GET,GET /api/v1/reports/bounds,2.000000,0.000000,9200,9400,9400,9400,9400,9400,9400,9400,9400,9400,9400,89,0,8900,8948.308906735057,870.5864000367001,21925.770899979398,62504.7191011236
1784894566,20,,Aggregated,2.000000,0.000000,9200,9400,9400,9400,9400,9400,9400,9400,9400,9400,9400,89,0,8900,8948.308906735057,870.5864000367001,21925.770899979398,62504.7191011236
1784894567,20,GET,GET /api/v1/reports/bounds,2.000000,0.000000,9200,9400,9400,9400,9400,9400,9400,9400,9400,9400,9400,89,0,8900,8948.308906735057,870.5864000367001,21925.770899979398,62504.7191011236
1784894567,20,,Aggregated,2.000000,0.000000,9200,9400,9400,9400,9400,9400,9400,9400,9400,9400,9400,89,0,8900,8948.308906735057,870.5864000367001,21925.770899979398,62504.7191011236
1784894568,20,GET,GET /api/v1/reports/bounds,2.000000,0.000000,9200,9200,9400,9400,9400,9400,9400,9400,9400,9400,9400,94,0,8900,8933.796961696451,870.5864000367001,21925.770899979398,62503.765957446805
1784894568,20,,Aggregated,2.000000,0.000000,9200,9200,9400,9400,9400,9400,9400,9400,9400,9400,9400,94,0,8900,8933.796961696451,870.5864000367001,21925.770899979398,62503.765957446805
1784894569,20,GET,GET /api/v1/reports/bounds,2.000000,0.000000,9200,9200,9400,9400,9400,9400,9400,9400,9400,9400,9400,94,0,8900,8933.796961696451,870.5864000367001,21925.770899979398,62503.765957446805
1784894569,20,,Aggregated,2.000000,0.000000,9200,9200,9400,9400,9400,9400,9400,9400,9400,9400,9400,94,0,8900,8933.796961696451,870.5864000367001,21925.770899979398,62503.765957446805
1784894570,20,GET,GET /api/v1/reports/bounds,2.000000,0.000000,9200,9200,9400,9400,9400,9400,9400,9400,9400,9400,9400,94,0,8900,8933.796961696451,870.5864000367001,21925.770899979398,62503.765957446805
1784894570,20,,Aggregated,2.000000,0.000000,9200,9200,9400,9400,9400,9400,9400,9400,9400,9400,9400,94,0,8900,8933.796961696451,870.5864000367001,21925.770899979398,62503.765957446805
1784894571,20,GET,GET /api/v1/reports/bounds,2.000000,0.000000,8700,8900,9200,9200,9400,9400,9400,9400,9400,9400,9400,106,0,8700,8892.847076406535,870.5864000367001,21925.770899979398,62507.34905660377
1784894571,20,,Aggregated,2.000000,0.000000,8700,8900,9200,9200,9400,9400,9400,9400,9400,9400,9400,106,0,8700,8892.847076406535,870.5864000367001,21925.770899979398,62507.34905660377
1784894572,20,GET,GET /api/v1/reports/bounds,2.000000,0.000000,8700,8900,9200,9200,9400,9400,9400,9400,9400,9400,9400,106,0,8700,8892.847076406535,870.5864000367001,21925.770899979398,62507.34905660377
1784894572,20,,Aggregated,2.000000,0.000000,8700,8900,9200,9200,9400,9400,9400,9400,9400,9400,9400,106,0,8700,8892.847076406535,870.5864000367001,21925.770899979398,62507.34905660377
1784894573,20,GET,GET /api/v1/reports/bounds,2.000000,0.000000,8700,8700,8900,8900,9200,9200,9200,9200,9200,9200,9200,106,0,8700,8892.847076406535,870.5864000367001,21925.770899979398,62507.34905660377
1784894573,20,,Aggregated,2.000000,0.000000,8700,8700,8900,8900,9200,9200,9200,9200,9200,9200,9200,106,0,8700,8892.847076406535,870.5864000367001,21925.770899979398,62507.34905660377
1784894574,20,GET,GET /api/v1/reports/bounds,2.800000,0.000000,8700,8700,8900,8900,9200,9200,9200,9200,9200,9200,9200,111,0,8700,8880.407953144026,870.5864000367001,21925.770899979398,62506.126126126124
1784894574,20,,Aggregated,2.800000,0.000000,8700,8700,8900,8900,9200,9200,9200,9200,9200,9200,9200,111,0,8700,8880.407953144026,870.5864000367001,21925.770899979398,62506.126126126124
1784894575,20,GET,GET /api/v1/reports/bounds,2.800000,0.000000,8600,8700,8700,8700,8700,8700,8700,8700,8700,8700,8700,111,0,8700,8880.407953144026,870.5864000367001,21925.770899979398,62506.126126126124
1784894575,20,,Aggregated,2.800000,0.000000,8600,8700,8700,8700,8700,8700,8700,8700,8700,8700,8700,111,0,8700,8880.407953144026,870.5864000367001,21925.770899979398,62506.126126126124
1784894576,20,GET,GET /api/v1/reports/bounds,2.800000,0.000000,8600,8700,8700,8700,8700,8700,8700,8700,8700,8700,8700,111,0,8700,8880.407953144026,870.5864000367001,21925.770899979398,62506.126126126124
1784894576,20,,Aggregated,2.800000,0.000000,8600,8700,8700,8700,8700,8700,8700,8700,8700,8700,8700,111,0,8700,8880.407953144026,870.5864000367001,21925.770899979398,62506.126126126124
1784894577,20,GET,GET /api/v1/reports/bounds,2.300000,0.000000,8600,8600,8700,8700,8700,8700,8700,8700,8700,8700,8700,114,0,8700,8873.278913148393,870.5864000367001,21925.770899979398,62506.67543859649
1784894577,20,,Aggregated,2.300000,0.000000,8600,8600,8700,8700,8700,8700,8700,8700,8700,8700,8700,114,0,8700,8873.278913148393,870.5864000367001,21925.770899979398,62506.67543859649
1784894578,20,GET,GET /api/v1/reports/bounds,2.300000,0.000000,8600,8600,8700,8700,8700,8700,8700,8700,8700,8700,8700,114,0,8700,8873.278913148393,870.5864000367001,21925.770899979398,62506.67543859649
1784894578,20,,Aggregated,2.300000,0.000000,8600,8600,8700,8700,8700,8700,8700,8700,8700,8700,8700,114,0,8700,8873.278913148393,870.5864000367001,21925.770899979398,62506.67543859649
1784894579,20,GET,GET /api/v1/reports/bounds,2.300000,0.000000,8600,8700,8700,8700,8700,8700,8700,8700,8700,8700,8700,114,0,8700,8873.278913148393,870.5864000367001,21925.770899979398,62506.67543859649
1784894579,20,,Aggregated,2.300000,0.000000,8600,8700,8700,8700,8700,8700,8700,8700,8700,8700,8700,114,0,8700,8873.278913148393,870.5864000367001,21925.770899979398,62506.67543859649
1784894580,20,GET,GET /api/v1/reports/bounds,2.000000,0.000000,8600,8600,8600,8700,8700,8700,8700,8700,8700,8700,8700,126,0,8600,8835.988803164264,870.5864000367001,21925.770899979398,62494.65873015873
1784894580,20,,Aggregated,2.000000,0.000000,8600,8600,8600,8700,8700,8700,8700,8700,8700,8700,8700,126,0,8600,8835.988803164264,870.5864000367001,21925.770899979398,62494.65873015873
1784894581,20,GET,GET /api/v1/reports/bounds,2.000000,0.000000,8600,8600,8600,8700,8700,8700,8700,8700,8700,8700,8700,126,0,8600,8835.988803164264,870.5864000367001,21925.770899979398,62494.65873015873
1784894581,20,,Aggregated,2.000000,0.000000,8600,8600,8600,8700,8700,8700,8700,8700,8700,8700,8700,126,0,8600,8835.988803164264,870.5864000367001,21925.770899979398,62494.65873015873
1784894582,20,GET,GET /api/v1/reports/bounds,2.000000,0.000000,8600,8600,8600,8600,8600,8600,8600,8600,8600,8600,8600,126,0,8600,8835.988803164264,870.5864000367001,21925.770899979398,62494.65873015873
1784894582,20,,Aggregated,2.000000,0.000000,8600,8600,8600,8600,8600,8600,8600,8600,8600,8600,8600,126,0,8600,8835.988803164264,870.5864000367001,21925.770899979398,62494.65873015873
1784894583,20,GET,GET /api/v1/reports/bounds,2.800000,0.000000,8600,8600,8600,8700,8700,8700,8700,8700,8700,8700,8700,131,0,8600,8832.18211983775,870.5864000367001,21925.770899979398,62499.557251908394
1784894583,20,,Aggregated,2.800000,0.000000,8600,8600,8600,8700,8700,8700,8700,8700,8700,8700,8700,131,0,8600,8832.18211983775,870.5864000367001,21925.770899979398,62499.557251908394
1784894584,20,GET,GET /api/v1/reports/bounds,2.800000,0.000000,8600,8600,8600,8700,8700,8700,8700,8700,8700,8700,8700,131,0,8600,8832.18211983775,870.5864000367001,21925.770899979398,62499.557251908394
1784894584,20,,Aggregated,2.800000,0.000000,8600,8600,8600,8700,8700,8700,8700,8700,8700,8700,8700,131,0,8600,8832.18211983775,870.5864000367001,21925.770899979398,62499.557251908394
1784894585,20,GET,GET /api/v1/reports/bounds,2.800000,0.000000,8600,8600,8700,8700,8700,8700,8700,8700,8700,8700,8700,131,0,8600,8832.18211983775,870.5864000367001,21925.770899979398,62499.557251908394
1784894585,20,,Aggregated,2.800000,0.000000,8600,8600,8700,8700,8700,8700,8700,8700,8700,8700,8700,131,0,8600,8832.18211983775,870.5864000367001,21925.770899979398,62499.557251908394
1784894586,20,GET,GET /api/v1/reports/bounds,2.000000,0.000000,8600,8700,8700,8700,8800,8800,8800,8800,8800,8800,8800,134,0,8600,8830.984705214652,870.5864000367001,21925.770899979398,62502.119402985074
1784894586,20,,Aggregated,2.000000,0.000000,8600,8700,8700,8700,8800,8800,8800,8800,8800,8800,8800,134,0,8600,8830.984705214652,870.5864000367001,21925.770899979398,62502.119402985074
1784894587,20,GET,GET /api/v1/reports/bounds,2.000000,0.000000,8600,8700,8700,8700,8800,8800,8800,8800,8800,8800,8800,134,0,8600,8830.984705214652,870.5864000367001,21925.770899979398,62502.119402985074
1784894587,20,,Aggregated,2.000000,0.000000,8600,8700,8700,8700,8800,8800,8800,8800,8800,8800,8800,134,0,8600,8830.984705214652,870.5864000367001,21925.770899979398,62502.119402985074
1784894588,20,GET,GET /api/v1/reports/bounds,2.000000,0.000000,8700,8700,8700,8700,8800,8800,8800,8800,8800,8800,8800,134,0,8600,8830.984705214652,870.5864000367001,21925.770899979398,62502.119402985074
1784894588,20,,Aggregated,2.000000,0.000000,8700,8700,8700,8700,8800,8800,8800,8800,8800,8800,8800,134,0,8600,8830.984705214652,870.5864000367001,21925.770899979398,62502.119402985074
1784894589,20,GET,GET /api/v1/reports/bounds,2.000000,0.000000,8700,8800,9100,9100,9100,9100,9100,9100,9100,9100,9100,141,0,8700,8844.016711338232,870.5864000367001,21925.770899979398,62491.624113475176
1784894589,20,,Aggregated,2.000000,0.000000,8700,8800,9100,9100,9100,9100,9100,9100,9100,9100,9100,141,0,8700,8844.016711338232,870.5864000367001,21925.770899979398,62491.624113475176
1784894590,20,GET,GET /api/v1/reports/bounds,2.000000,0.000000,9100,9100,9100,9100,9100,9100,9100,9100,9100,9100,9100,141,0,8700,8844.016711338232,870.5864000367001,21925.770899979398,62491.624113475176
1784894590,20,,Aggregated,2.000000,0.000000,9100,9100,9100,9100,9100,9100,9100,9100,9100,9100,9100,141,0,8700,8844.016711338232,870.5864000367001,21925.770899979398,62491.624113475176
1784894591,20,GET,GET /api/v1/reports/bounds,2.000000,0.000000,9100,9100,9100,9100,9100,9100,9100,9100,9100,9100,9100,141,0,8700,8844.016711338232,870.5864000367001,21925.770899979398,62491.624113475176
1784894591,20,,Aggregated,2.000000,0.000000,9100,9100,9100,9100,9100,9100,9100,9100,9100,9100,9100,141,0,8700,8844.016711338232,870.5864000367001,21925.770899979398,62491.624113475176
1784894592,20,GET,GET /api/v1/reports/bounds,2.000000,0.000000,9100,9200,9200,9200,9300,9300,9300,9300,9300,9300,9300,149,0,8700,8864.570688581307,870.5864000367001,21925.770899979398,62480.838926174496
1784894592,20,,Aggregated,2.000000,0.000000,9100,9200,9200,9200,9300,9300,9300,9300,9300,9300,9300,149,0,8700,8864.570688581307,870.5864000367001,21925.770899979398,62480.838926174496
1784894593,20,GET,GET /api/v1/reports/bounds,2.000000,0.000000,9100,9200,9200,9200,9300,9300,9300,9300,9300,9300,9300,149,0,8700,8864.570688581307,870.5864000367001,21925.770899979398,62480.838926174496
1784894593,20,,Aggregated,2.000000,0.000000,9100,9200,9200,9200,9300,9300,9300,9300,9300,9300,9300,149,0,8700,8864.570688581307,870.5864000367001,21925.770899979398,62480.838926174496
1784894594,20,GET,GET /api/v1/reports/bounds,2.000000,0.000000,9100,9200,9200,9200,9300,9300,9300,9300,9300,9300,9300,149,0,8700,8864.570688581307,870.5864000367001,21925.770899979398,62480.838926174496
1784894594,20,,Aggregated,2.000000,0.000000,9100,9200,9200,9200,9300,9300,9300,9300,9300,9300,9300,149,0,8700,8864.570688581307,870.5864000367001,21925.770899979398,62480.838926174496
1784894595,20,GET,GET /api/v1/reports/bounds,2.000000,0.000000,9100,9200,9200,9200,9300,9300,9300,9300,9300,9300,9300,154,0,8700,8869.689181160527,870.5864000367001,21925.770899979398,62477.55194805195
1784894595,20,,Aggregated,2.000000,0.000000,9100,9200,9200,9200,9300,9300,9300,9300,9300,9300,9300,154,0,8700,8869.689181160527,870.5864000367001,21925.770899979398,62477.55194805195
1784894596,20,GET,GET /api/v1/reports/bounds,2.000000,0.000000,9100,9200,9200,9200,9300,9300,9300,9300,9300,9300,9300,154,0,8700,8869.689181160527,870.5864000367001,21925.770899979398,62477.55194805195
1784894596,20,,Aggregated,2.000000,0.000000,9100,9200,9200,9200,9300,9300,9300,9300,9300,9300,9300,154,0,8700,8869.689181160527,870.5864000367001,21925.770899979398,62477.55194805195
1784894597,20,GET,GET /api/v1/reports/bounds,2.000000,0.000000,9100,9200,9200,9200,9300,9300,9300,9300,9300,9300,9300,154,0,8700,8869.689181160527,870.5864000367001,21925.770899979398,62477.55194805195
1784894597,20,,Aggregated,2.000000,0.000000,9100,9200,9200,9200,9300,9300,9300,9300,9300,9300,9300,154,0,8700,8869.689181160527,870.5864000367001,21925.770899979398,62477.55194805195
1784894598,20,GET,GET /api/v1/reports/bounds,2.000000,0.000000,9000,9100,9200,9200,9300,9300,9300,9300,9300,9300,9300,166,0,8700,8842.742375896245,870.5864000367001,21925.770899979398,62470.927710843374
1784894598,20,,Aggregated,2.000000,0.000000,9000,9100,9200,9200,9300,9300,9300,9300,9300,9300,9300,166,0,8700,8842.742375896245,870.5864000367001,21925.770899979398,62470.927710843374
1784894599,20,GET,GET /api/v1/reports/bounds,2.000000,0.000000,9000,9100,9200,9200,9300,9300,9300,9300,9300,9300,9300,166,0,8700,8842.742375896245,870.5864000367001,21925.770899979398,62470.927710843374
1784894599,20,,Aggregated,2.000000,0.000000,9000,9100,9200,9200,9300,9300,9300,9300,9300,9300,9300,166,0,8700,8842.742375896245,870.5864000367001,21925.770899979398,62470.927710843374
1784894600,20,GET,GET /api/v1/reports/bounds,2.000000,0.000000,8500,9000,9100,9100,9200,9300,9300,9300,9300,9300,9300,166,0,8700,8842.742375896245,870.5864000367001,21925.770899979398,62470.927710843374
1784894600,20,,Aggregated,2.000000,0.000000,8500,9000,9100,9100,9200,9300,9300,9300,9300,9300,9300,166,0,8700,8842.742375896245,870.5864000367001,21925.770899979398,62470.927710843374
1784894601,20,GET,GET /api/v1/reports/bounds,2.800000,0.000000,8600,9000,9000,9100,9200,9300,9300,9300,9300,9300,9300,171,0,8700,8835.01428186455,870.5864000367001,21925.770899979398,62462.116959064326
1784894601,20,,Aggregated,2.800000,0.000000,8600,9000,9000,9100,9200,9300,9300,9300,9300,9300,9300,171,0,8700,8835.01428186455,870.5864000367001,21925.770899979398,62462.116959064326
1784894602,20,GET,GET /api/v1/reports/bounds,2.800000,0.000000,8500,8600,8600,8600,9000,9000,9000,9000,9000,9000,9000,171,0,8700,8835.01428186455,870.5864000367001,21925.770899979398,62462.116959064326
1784894602,20,,Aggregated,2.800000,0.000000,8500,8600,8600,8600,9000,9000,9000,9000,9000,9000,9000,171,0,8700,8835.01428186455,870.5864000367001,21925.770899979398,62462.116959064326
1784894603,20,GET,GET /api/v1/reports/bounds,2.800000,0.000000,8500,8600,8600,8600,9000,9000,9000,9000,9000,9000,9000,171,0,8700,8835.01428186455,870.5864000367001,21925.770899979398,62462.116959064326
1784894603,20,,Aggregated,2.800000,0.000000,8500,8600,8600,8600,9000,9000,9000,9000,9000,9000,9000,171,0,8700,8835.01428186455,870.5864000367001,21925.770899979398,62462.116959064326
1784894604,20,GET,GET /api/v1/reports/bounds,2.300000,0.000000,8500,8600,8600,8800,8800,9000,9000,9000,9000,9000,9000,174,0,8700,8834.289589073192,870.5864000367001,21925.770899979398,62458.0459770115
1784894604,20,,Aggregated,2.300000,0.000000,8500,8600,8600,8800,8800,9000,9000,9000,9000,9000,9000,174,0,8700,8834.289589073192,870.5864000367001,21925.770899979398,62458.0459770115
1784894605,20,GET,GET /api/v1/reports/bounds,2.300000,0.000000,8500,8600,8600,8800,8800,9000,9000,9000,9000,9000,9000,174,0,8700,8834.289589073192,870.5864000367001,21925.770899979398,62458.0459770115
1784894605,20,,Aggregated,2.300000,0.000000,8500,8600,8600,8800,8800,9000,9000,9000,9000,9000,9000,174,0,8700,8834.289589073192,870.5864000367001,21925.770899979398,62458.0459770115
1784894606,20,GET,GET /api/v1/reports/bounds,2.300000,0.000000,8600,8600,8600,8600,8800,8800,8800,8800,8800,8800,8800,174,0,8700,8834.289589073192,870.5864000367001,21925.770899979398,62458.0459770115
1784894606,20,,Aggregated,2.300000,0.000000,8600,8600,8600,8600,8800,8800,8800,8800,8800,8800,8800,174,0,8700,8834.289589073192,870.5864000367001,21925.770899979398,62458.0459770115
1784894607,20,GET,GET /api/v1/reports/bounds,2.000000,0.000000,8500,8600,8800,8800,8900,8900,8900,8900,8900,8900,8900,186,0,8600,8817.431084401731,870.5864000367001,21925.770899979398,62447.215053763444
1784894607,20,,Aggregated,2.000000,0.000000,8500,8600,8800,8800,8900,8900,8900,8900,8900,8900,8900,186,0,8600,8817.431084401731,870.5864000367001,21925.770899979398,62447.215053763444
